-- Generated by sql-seed-mvp
-- Review before running against any database.
SET XACT_ABORT ON;
BEGIN TRANSACTION;

-- [dbo].[users]
SET IDENTITY_INSERT [dbo].[users] ON;
INSERT INTO [dbo].[users] ([id], [email], [full_name], [created_at]) VALUES (1, N'user0001@example.test', N'Avery Patel', N'2025-01-01T09:00:00.000Z');
INSERT INTO [dbo].[users] ([id], [email], [full_name], [created_at]) VALUES (2, N'user0002@example.test', N'Jordan Patel', N'2025-01-02T09:00:00.000Z');
INSERT INTO [dbo].[users] ([id], [email], [full_name], [created_at]) VALUES (3, N'user0003@example.test', N'Riley Patel', N'2025-01-03T09:00:00.000Z');
INSERT INTO [dbo].[users] ([id], [email], [full_name], [created_at]) VALUES (4, N'user0004@example.test', N'Morgan Patel', N'2025-01-04T09:00:00.000Z');
SET IDENTITY_INSERT [dbo].[users] OFF;

-- [dbo].[products]
SET IDENTITY_INSERT [dbo].[products] ON;
INSERT INTO [dbo].[products] ([id], [name], [sku], [price_cents]) VALUES (1, N'Avery Patel', N'SKU-000001', 22918);
INSERT INTO [dbo].[products] ([id], [name], [sku], [price_cents]) VALUES (2, N'Jordan Patel', N'SKU-000002', 4489);
INSERT INTO [dbo].[products] ([id], [name], [sku], [price_cents]) VALUES (3, N'Riley Patel', N'SKU-000003', 16236);
INSERT INTO [dbo].[products] ([id], [name], [sku], [price_cents]) VALUES (4, N'Morgan Patel', N'SKU-000004', 7156);
SET IDENTITY_INSERT [dbo].[products] OFF;

-- [dbo].[orders]
SET IDENTITY_INSERT [dbo].[orders] ON;
INSERT INTO [dbo].[orders] ([id], [user_id], [status], [created_at]) VALUES (1, 4, N'draft', N'2025-01-01T09:00:00.000Z');
INSERT INTO [dbo].[orders] ([id], [user_id], [status], [created_at]) VALUES (2, 4, N'fulfilled', N'2025-01-02T09:00:00.000Z');
INSERT INTO [dbo].[orders] ([id], [user_id], [status], [created_at]) VALUES (3, 4, N'fulfilled', N'2025-01-03T09:00:00.000Z');
INSERT INTO [dbo].[orders] ([id], [user_id], [status], [created_at]) VALUES (4, 3, N'paid', N'2025-01-04T09:00:00.000Z');
INSERT INTO [dbo].[orders] ([id], [user_id], [status], [created_at]) VALUES (5, 4, N'paid', N'2025-01-05T09:00:00.000Z');
INSERT INTO [dbo].[orders] ([id], [user_id], [status], [created_at]) VALUES (6, 3, N'fulfilled', N'2025-01-06T09:00:00.000Z');
SET IDENTITY_INSERT [dbo].[orders] OFF;

-- [dbo].[order_items]
SET IDENTITY_INSERT [dbo].[order_items] ON;
INSERT INTO [dbo].[order_items] ([id], [order_id], [product_id], [quantity]) VALUES (1, 6, 3, 4);
INSERT INTO [dbo].[order_items] ([id], [order_id], [product_id], [quantity]) VALUES (2, 3, 3, 2);
INSERT INTO [dbo].[order_items] ([id], [order_id], [product_id], [quantity]) VALUES (3, 1, 2, 3);
INSERT INTO [dbo].[order_items] ([id], [order_id], [product_id], [quantity]) VALUES (4, 2, 4, 1);
INSERT INTO [dbo].[order_items] ([id], [order_id], [product_id], [quantity]) VALUES (5, 1, 1, 5);
INSERT INTO [dbo].[order_items] ([id], [order_id], [product_id], [quantity]) VALUES (6, 4, 4, 1);
INSERT INTO [dbo].[order_items] ([id], [order_id], [product_id], [quantity]) VALUES (7, 2, 4, 2);
INSERT INTO [dbo].[order_items] ([id], [order_id], [product_id], [quantity]) VALUES (8, 4, 1, 4);
INSERT INTO [dbo].[order_items] ([id], [order_id], [product_id], [quantity]) VALUES (9, 4, 1, 4);
INSERT INTO [dbo].[order_items] ([id], [order_id], [product_id], [quantity]) VALUES (10, 5, 2, 3);
SET IDENTITY_INSERT [dbo].[order_items] OFF;

-- [dbo].[invoices]
SET IDENTITY_INSERT [dbo].[invoices] ON;
INSERT INTO [dbo].[invoices] ([id], [order_id], [invoice_number], [issued_at]) VALUES (1, 1, N'INV-0001', N'2025-01-01T09:00:00.000Z');
INSERT INTO [dbo].[invoices] ([id], [order_id], [invoice_number], [issued_at]) VALUES (2, 2, N'INV-0002', N'2025-01-02T09:00:00.000Z');
INSERT INTO [dbo].[invoices] ([id], [order_id], [invoice_number], [issued_at]) VALUES (3, 3, N'INV-0003', N'2025-01-03T09:00:00.000Z');
INSERT INTO [dbo].[invoices] ([id], [order_id], [invoice_number], [issued_at]) VALUES (4, 4, N'INV-0004', N'2025-01-04T09:00:00.000Z');
SET IDENTITY_INSERT [dbo].[invoices] OFF;

COMMIT TRANSACTION;
